SalesID,ProductID,CustomerID,SalesAmount,Quantity,SalesDate
1,63,7,699.34,2,2024-09-22
2,98,29,1816.2,9,2024-12-10
3,52,395,244.99,1,2024-05-09
4,38,33,452.52,4,2024-09-23
5,97,134,470.56,1,2024-06-26
6,88,367,1539.36,6,2024-09-09
7,79,79,751.92,4,2024-02-25
8,30,416,2358.55,5,2024-03-23
9,51,435,1346.85,5,2024-04-08
10,81,459,3622.95,9,2024-05-28
11,5,58,188.56,1,2024-11-24
12,29,471,211.04,2,2024-06-04
13,4,26,313.38,6,2024-07-08
14,10,482,1414.1,5,2024-09-19
15,56,430,618.1,7,2024-03-20
16,17,226,75.03,3,2024-09-08
17,74,285,803.43,3,2024-04-06
18,17,4,50.02,2,2024-09-16
19,84,465,607.26,3,2024-09-16
20,88,99,256.56,1,2024-04-12
21,69,397,1042.3,5,2024-02-09
22,34,489,1570.3,5,2024-09-29
23,6,39,2352.56,7,2024-04-10
24,53,271,1391.04,4,2024-12-24
25,66,375,1496.64,3,2024-11-03
26,77,285,298.38,1,2024-08-08
27,43,157,1450.96,8,2024-11-03
28,75,75,679.95,3,2024-05-03
29,23,372,480.62,2,2024-08-18
30,55,288,503.36,4,2024-06-26
31,80,130,374.61,3,2024-03-03
32,95,175,177.59,1,2024-04-25
33,75,462,679.95,3,2024-07-09
34,16,84,263.5,2,2024-03-02
35,8,22,2381.52,8,2024-09-12
36,4,459,313.38,6,2024-01-07
37,4,27,470.07,9,2024-06-03
38,56,195,706.4,8,2024-04-01
39,25,337,1047.84,3,2024-01-14
40,67,382,685.3,5,2024-08-16
41,96,236,368.27,7,2024-03-26
42,67,440,685.3,5,2024-05-12
43,27,92,2433.52,8,2024-07-01
44,93,477,1785.1,5,2024-03-02
45,32,21,348.92,1,2024-08-06
46,50,303,432.5,5,2024-09-02
47,61,464,522.76,4,2024-08-17
48,51,357,1616.22,6,2024-03-19
49,19,443,179.67,3,2024-05-28
50,21,84,524.25,5,2024-05-17
51,5,262,377.12,2,2024-11-09
52,82,147,1426.8,6,2024-03-05
53,92,441,684.12,6,2024-01-13
54,42,453,327.15,5,2024-07-31
55,61,387,784.14,6,2024-08-29
56,22,257,3138.8,7,2024-07-31
57,21,58,524.25,5,2024-06-29
58,70,380,21.36,1,2024-12-03
59,1,422,3663.28,8,2024-06-21
60,5,15,754.24,4,2024-06-08
61,12,162,4374.0,9,2024-06-12
62,90,445,2579.34,6,2024-07-06
63,46,163,325.61,1,2024-07-09
64,34,320,942.18,3,2024-11-03
65,49,497,467.61,3,2024-09-12
66,78,281,180.08,4,2024-07-01
67,90,280,2579.34,6,2024-04-26
68,45,12,977.97,7,2024-10-08
69,27,274,1216.76,4,2024-07-14
70,73,271,2051.7,6,2024-02-03
71,26,492,73.97,1,2024-02-21
72,47,208,42.08,8,2024-04-21
73,86,27,2801.26,7,2024-09-08
74,56,72,794.7,9,2024-03-22
75,94,60,1217.1,3,2024-08-19
76,63,430,699.34,2,2024-08-14
77,48,473,179.52,1,2024-08-20
78,61,145,392.07,3,2024-08-08
79,81,93,2012.75,5,2024-02-11
80,26,309,147.94,2,2024-01-21
81,36,8,171.66,3,2024-02-11
82,1,79,1831.64,4,2024-04-22
83,8,27,2083.83,7,2024-04-14
84,99,174,783.87,3,2024-07-10
85,52,50,2204.91,9,2024-01-17
86,79,500,1503.84,8,2024-04-29
87,47,199,21.04,4,2024-05-08
88,56,387,88.3,1,2024-05-09
89,86,349,400.18,1,2024-02-29
90,14,448,362.26,1,2024-02-17
91,90,428,429.89,1,2024-01-29
92,28,181,2177.76,8,2024-04-06
93,87,24,238.83,3,2024-01-10
94,78,316,270.12,6,2024-08-29
95,88,378,769.68,3,2024-11-09
96,2,387,2128.85,5,2024-08-19
97,26,404,517.79,7,2024-10-03
98,14,46,724.52,2,2024-10-10
99,59,15,1229.4,6,2024-07-21
100,56,153,529.8,6,2024-09-03
101,7,222,1003.89,3,2024-10-16
102,3,206,1364.88,6,2024-09-20
103,23,455,1201.55,5,2024-08-01
104,18,273,713.56,2,2024-07-18
105,38,382,1018.17,9,2024-03-19
106,99,236,2090.32,8,2024-12-08
107,15,340,365.43,3,2024-12-09
108,64,228,2860.56,8,2024-06-21
109,89,9,3144.87,9,2024-03-09
110,28,166,816.66,3,2024-03-27
111,74,432,803.43,3,2024-04-10
112,39,444,422.34,2,2024-01-08
113,57,319,906.32,8,2024-11-28
114,17,214,25.01,1,2024-07-18
115,86,117,3201.44,8,2024-03-27
116,90,386,3009.23,7,2024-02-12
117,44,344,3177.16,7,2024-04-18
118,25,72,1047.84,3,2024-05-31
119,17,395,25.01,1,2024-01-17
120,13,64,1700.84,4,2024-05-12
121,84,205,1821.78,9,2024-05-27
122,25,209,1746.4,5,2024-10-03
123,68,72,488.42,1,2024-08-19
124,10,277,1414.1,5,2024-11-09
125,67,274,1096.48,8,2024-12-31
126,18,478,2854.24,8,2024-08-15
127,100,320,2098.35,5,2024-05-18
128,86,338,3601.62,9,2024-07-29
129,34,366,314.06,1,2024-01-28
130,8,495,1190.76,4,2024-02-20
131,40,95,1326.66,3,2024-09-17
132,83,166,983.58,2,2024-09-17
133,42,32,523.44,8,2024-12-15
134,41,11,1158.85,7,2024-12-17
135,6,301,3024.72,9,2024-01-08
136,52,217,489.98,2,2024-11-15
137,26,289,295.88,4,2024-05-17
138,64,102,2145.42,6,2024-02-07
139,98,425,605.4,3,2024-04-20
140,59,392,1639.2,8,2024-08-07
141,56,267,264.9,3,2024-12-02
142,59,214,409.8,2,2024-08-10
143,70,179,64.08,3,2024-05-15
144,33,88,2644.98,6,2024-09-12
145,53,41,695.52,2,2024-12-25
146,22,401,3587.2,8,2024-11-24
147,21,76,104.85,1,2024-02-18
148,70,377,149.52,7,2024-10-18
149,70,46,42.72,2,2024-11-19
150,4,160,313.38,6,2024-03-18
151,94,463,811.4,2,2024-04-14
152,75,80,453.3,2,2024-06-17
153,62,310,1017.6,8,2024-08-04
154,62,86,254.4,2,2024-04-28
155,94,92,2839.9,7,2024-07-08
156,95,148,532.77,3,2024-09-11
157,24,161,2270.56,8,2024-09-22
158,55,202,880.88,7,2024-05-28
159,9,424,1127.92,8,2024-06-12
160,3,416,1592.36,7,2024-05-19
161,31,242,1808.64,6,2024-12-12
162,40,353,3095.54,7,2024-09-14
163,36,2,286.1,5,2024-09-25
164,24,225,1986.74,7,2024-06-29
165,95,289,177.59,1,2024-06-08
166,6,233,336.08,1,2024-12-16
167,66,461,4489.92,9,2024-10-14
168,84,414,1012.1,5,2024-10-14
169,92,417,570.1,5,2024-08-13
170,75,77,679.95,3,2024-01-11
171,4,116,261.15,5,2024-01-10
172,79,154,563.94,3,2024-09-27
173,6,406,3024.72,9,2024-09-29
174,94,103,3651.3,9,2024-07-01
175,51,194,1616.22,6,2024-06-01
176,62,166,127.2,1,2024-11-10
177,57,359,793.03,7,2024-11-29
178,66,90,3492.16,7,2024-05-03
179,79,174,751.92,4,2024-04-23
180,75,122,1813.2,8,2024-10-04
181,8,498,1786.14,6,2024-07-31
182,26,143,295.88,4,2024-06-20
183,51,482,1077.48,4,2024-10-14
184,45,106,279.42,2,2024-06-22
185,44,375,907.76,2,2024-04-22
186,5,428,754.24,4,2024-05-01
187,70,305,106.8,5,2024-02-01
188,26,360,591.76,8,2024-08-09
189,68,459,2930.52,6,2024-04-28
190,19,317,239.56,4,2024-02-08
191,84,451,1416.94,7,2024-09-24
192,97,123,3764.48,8,2024-08-20
193,20,390,444.94,2,2024-01-18
194,12,9,3402.0,7,2024-05-28
195,47,262,10.52,2,2024-05-28
196,1,73,915.82,2,2024-05-05
197,90,359,3439.12,8,2024-10-28
198,14,223,724.52,2,2024-12-25
199,64,416,3218.13,9,2024-08-25
200,38,41,113.13,1,2024-05-14
201,37,370,2078.82,9,2024-05-30
202,11,204,194.55,1,2024-08-23
203,100,264,839.34,2,2024-08-11
204,77,328,1790.28,6,2024-07-21
205,3,178,1364.88,6,2024-09-12
206,33,348,440.83,1,2024-03-26
207,6,318,2352.56,7,2024-05-29
208,50,84,692.0,8,2024-08-22
209,10,318,565.64,2,2024-12-10
210,5,111,1508.48,8,2024-01-22
211,23,251,2162.79,9,2024-12-13
212,10,383,1696.92,6,2024-10-11
213,44,7,2269.4,5,2024-09-25
214,2,459,3831.93,9,2024-09-14
215,13,84,3826.89,9,2024-01-29
216,40,208,442.22,1,2024-07-31
217,2,388,1277.31,3,2024-10-09
218,84,390,1821.78,9,2024-02-19
219,65,314,156.6,2,2024-04-04
220,63,22,1398.68,4,2024-03-28
221,73,410,1367.8,4,2024-02-13
222,17,383,50.02,2,2024-10-04
223,9,3,422.97,3,2024-06-19
224,75,127,679.95,3,2024-07-07
225,15,297,121.81,1,2024-12-18
226,24,188,1702.92,6,2024-07-02
227,38,362,905.04,8,2024-01-03
228,35,14,454.02,3,2024-07-09
229,94,459,2028.5,5,2024-04-27
230,95,466,177.59,1,2024-01-19
231,49,12,1091.09,7,2024-01-23
232,69,87,208.46,1,2024-01-30
233,62,12,1144.8,9,2024-10-21
234,60,397,296.96,8,2024-04-17
235,50,25,605.5,7,2024-10-07
236,78,301,315.14,7,2024-05-07
237,75,243,1133.25,5,2024-08-16
238,9,122,704.95,5,2024-04-20
239,34,147,1570.3,5,2024-05-15
240,76,55,278.68,1,2024-12-27
241,99,238,2090.32,8,2024-07-04
242,35,356,151.34,1,2024-05-23
243,1,173,1831.64,4,2024-03-12
244,40,392,3979.98,9,2024-05-08
245,64,221,3218.13,9,2024-12-29
246,22,119,2242.0,5,2024-09-17
247,60,309,148.48,4,2024-01-03
248,64,183,1072.71,3,2024-04-13
249,93,288,1071.06,3,2024-08-11
250,72,307,1595.0,5,2024-11-15
251,11,300,194.55,1,2024-12-27
252,14,82,1811.3,5,2024-12-19
253,60,454,222.72,6,2024-01-10
254,30,402,3301.97,7,2024-10-28
255,35,211,1362.06,9,2024-08-18
256,85,150,1227.39,3,2024-08-06
257,37,37,461.96,2,2024-03-06
258,5,352,565.68,3,2024-04-21
259,83,312,4426.11,9,2024-01-13
260,78,361,315.14,7,2024-03-26
261,26,59,665.73,9,2024-08-21
262,62,131,254.4,2,2024-03-30
263,4,412,261.15,5,2024-11-09
264,89,202,1397.72,4,2024-02-23
265,42,243,130.86,2,2024-01-12
266,89,35,3144.87,9,2024-07-27
267,18,445,3211.02,9,2024-01-14
268,40,93,2653.32,6,2024-04-30
269,72,438,1914.0,6,2024-01-20
270,39,447,1689.36,8,2024-03-15
271,14,207,2173.56,6,2024-08-30
272,32,353,348.92,1,2024-08-10
273,51,391,1077.48,4,2024-03-10
274,38,332,791.91,7,2024-11-07
275,97,305,941.12,2,2024-07-29
276,23,350,2162.79,9,2024-04-10
277,63,213,2797.36,8,2024-07-04
278,15,159,974.48,8,2024-05-11
279,97,442,3293.92,7,2024-04-20
280,25,445,1397.12,4,2024-05-11
281,17,24,50.02,2,2024-01-20
282,97,404,1411.68,3,2024-01-24
283,66,293,2993.28,6,2024-08-14
284,78,4,225.1,5,2024-06-02
285,53,220,2782.08,8,2024-10-19
286,51,364,1616.22,6,2024-08-17
287,39,382,1267.02,6,2024-11-05
288,51,20,269.37,1,2024-12-24
289,70,444,85.44,4,2024-07-20
290,6,152,1680.4,5,2024-02-07
291,67,50,411.18,3,2024-09-16
292,7,177,3011.67,9,2024-07-06
293,51,435,269.37,1,2024-02-26
294,72,96,1914.0,6,2024-01-20
295,42,105,392.58,6,2024-09-29
296,64,420,1787.85,5,2024-04-28
297,15,250,609.05,5,2024-03-11
298,29,117,527.6,5,2024-01-04
299,33,354,2644.98,6,2024-08-08
300,94,228,3245.6,8,2024-01-14
301,27,66,608.38,2,2024-01-03
302,36,335,343.32,6,2024-08-03
303,29,418,105.52,1,2024-08-16
304,38,420,452.52,4,2024-12-01
305,57,262,339.87,3,2024-07-04
306,97,295,4235.04,9,2024-02-24
307,27,426,912.57,3,2024-09-10
308,55,243,755.04,6,2024-01-24
309,33,371,440.83,1,2024-06-10
310,68,186,2930.52,6,2024-06-06
311,86,246,1600.72,4,2024-03-22
312,66,125,3991.04,8,2024-06-07
313,10,268,2545.38,9,2024-07-06
314,5,131,754.24,4,2024-02-29
315,74,237,1606.86,6,2024-10-31
316,97,18,470.56,1,2024-11-14
317,38,40,452.52,4,2024-12-31
318,13,21,2976.47,7,2024-07-29
319,31,399,301.44,1,2024-05-31
320,47,225,42.08,8,2024-04-18
321,100,355,2518.02,6,2024-03-16
322,88,282,1282.8,5,2024-01-30
323,52,8,2204.91,9,2024-11-09
324,56,100,176.6,2,2024-04-26
325,15,240,609.05,5,2024-12-21
326,29,478,633.12,6,2024-07-10
327,8,87,2083.83,7,2024-01-19
328,5,298,942.8,5,2024-06-21
329,29,428,949.68,9,2024-08-15
330,47,14,5.26,1,2024-12-15
331,68,334,3418.94,7,2024-07-01
332,76,2,1950.76,7,2024-04-22
333,45,375,558.84,4,2024-07-01
334,2,293,3831.93,9,2024-05-25
335,27,325,1520.95,5,2024-11-14
336,95,422,710.36,4,2024-04-25
337,36,493,400.54,7,2024-04-22
338,36,41,228.88,4,2024-09-07
339,26,318,221.91,3,2024-09-07
340,43,316,1632.33,9,2024-10-29
341,27,381,2433.52,8,2024-11-08
342,69,111,208.46,1,2024-04-27
343,20,14,1557.29,7,2024-10-27
344,11,231,1750.95,9,2024-06-09
345,74,473,2142.48,8,2024-07-16
346,38,84,905.04,8,2024-09-16
347,6,130,2016.48,6,2024-05-27
348,72,231,1276.0,4,2024-08-27
349,23,326,1922.48,8,2024-02-16
350,47,145,15.78,3,2024-07-16
351,90,379,3869.01,9,2024-02-16
352,46,345,651.22,2,2024-03-18
353,12,28,972.0,2,2024-05-03
354,90,66,3009.23,7,2024-03-15
355,13,163,1700.84,4,2024-12-24
356,62,229,1017.6,8,2024-05-16
357,82,261,2140.2,9,2024-03-30
358,89,449,2446.01,7,2024-11-20
359,97,424,2352.8,5,2024-03-01
360,60,460,296.96,8,2024-05-17
361,43,440,725.48,4,2024-02-19
362,76,164,557.36,2,2024-09-15
363,100,301,2518.02,6,2024-04-16
364,68,407,4395.78,9,2024-04-22
365,5,303,188.56,1,2024-12-15
366,37,287,1616.86,7,2024-09-10
367,72,395,2871.0,9,2024-04-27
368,92,10,1026.18,9,2024-07-16
369,31,195,904.32,3,2024-12-02
370,9,118,704.95,5,2024-12-30
371,51,270,2154.96,8,2024-02-20
372,29,80,844.16,8,2024-09-01
373,78,458,180.08,4,2024-02-04
374,40,93,442.22,1,2024-10-28
375,41,266,165.55,1,2024-03-09
376,86,332,1600.72,4,2024-12-14
377,11,350,1167.3,6,2024-11-15
378,23,361,1922.48,8,2024-02-18
379,1,257,2747.46,6,2024-03-14
380,46,133,2930.49,9,2024-07-10
381,21,276,943.65,9,2024-09-17
382,90,264,859.78,2,2024-12-21
383,36,171,57.22,1,2024-03-10
384,54,460,276.72,2,2024-03-30
385,87,1,398.05,5,2024-09-16
386,57,313,453.16,4,2024-05-05
387,1,64,1831.64,4,2024-08-18
388,63,374,3147.03,9,2024-10-21
389,54,468,1106.88,8,2024-05-08
390,55,284,755.04,6,2024-10-06
391,40,121,442.22,1,2024-11-08
392,15,107,243.62,2,2024-04-09
393,21,421,629.1,6,2024-11-21
394,47,175,10.52,2,2024-10-23
395,73,485,1709.75,5,2024-06-30
396,53,204,1738.8,5,2024-06-22
397,9,165,845.94,6,2024-11-11
398,74,305,1606.86,6,2024-12-29
399,52,497,1469.94,6,2024-07-06
400,57,120,226.58,2,2024-02-26
401,26,44,221.91,3,2024-01-31
402,41,312,993.3,6,2024-03-24
403,35,156,1210.72,8,2024-05-31
404,63,367,349.67,1,2024-02-05
405,25,207,349.28,1,2024-07-31
406,90,390,859.78,2,2024-12-29
407,75,108,1359.9,6,2024-04-15
408,38,251,1018.17,9,2024-12-07
409,2,445,1703.08,4,2024-08-07
410,7,404,1003.89,3,2024-06-11
411,82,370,1902.4,8,2024-08-07
412,91,334,1497.15,9,2024-09-26
413,34,130,1570.3,5,2024-04-29
414,91,457,1497.15,9,2024-12-01
415,17,293,50.02,2,2024-06-30
416,43,20,544.11,3,2024-04-15
417,59,282,1434.3,7,2024-08-04
418,51,285,1885.59,7,2024-07-23
419,54,1,830.16,6,2024-03-10
420,24,119,1702.92,6,2024-02-13
421,25,35,698.56,2,2024-11-24
422,71,198,1054.86,6,2024-10-27
423,52,485,979.96,4,2024-08-15
424,70,245,64.08,3,2024-07-02
425,88,59,513.12,2,2024-04-16
426,33,325,440.83,1,2024-03-24
427,49,161,779.35,5,2024-12-03
428,29,497,211.04,2,2024-09-06
429,63,179,699.34,2,2024-12-28
430,22,206,3138.8,7,2024-01-21
431,26,12,591.76,8,2024-07-14
432,28,490,2177.76,8,2024-06-26
433,85,276,1636.52,4,2024-01-07
434,49,181,155.87,1,2024-03-10
435,71,242,1230.67,7,2024-05-06
436,81,216,402.55,1,2024-06-08
437,84,251,809.68,4,2024-09-04
438,49,299,1246.96,8,2024-07-21
439,20,126,444.94,2,2024-05-27
440,86,482,2401.08,6,2024-05-22
441,92,217,684.12,6,2024-07-17
442,63,306,3147.03,9,2024-06-02
443,61,285,653.45,5,2024-05-21
444,49,185,623.48,4,2024-11-08
445,71,39,879.05,5,2024-06-13
446,1,223,2289.55,5,2024-11-09
447,96,184,420.88,8,2024-01-21
448,13,495,3401.68,8,2024-03-22
449,94,427,811.4,2,2024-03-09
450,87,178,557.27,7,2024-05-10
451,51,407,2154.96,8,2024-03-27
452,56,428,529.8,6,2024-08-05
453,83,294,2458.95,5,2024-10-31
454,62,340,1144.8,9,2024-12-10
455,32,151,1046.76,3,2024-12-06
456,30,384,1886.84,4,2024-06-09
457,29,126,949.68,9,2024-06-26
458,49,301,935.22,6,2024-04-26
459,45,308,1117.68,8,2024-07-14
460,93,336,2499.14,7,2024-11-22
461,30,434,943.42,2,2024-03-26
462,16,234,395.25,3,2024-10-15
463,40,380,442.22,1,2024-03-21
464,19,375,539.01,9,2024-05-31
465,18,8,2497.46,7,2024-03-01
466,1,498,457.91,1,2024-03-01
467,78,341,135.06,3,2024-12-19
468,47,129,21.04,4,2024-01-28
469,66,264,1995.52,4,2024-02-12
470,92,157,570.1,5,2024-06-17
471,94,352,1217.1,3,2024-03-26
472,38,358,339.39,3,2024-06-25
473,51,5,269.37,1,2024-01-17
474,63,495,2447.69,7,2024-04-07
475,4,86,52.23,1,2024-07-16
476,1,175,915.82,2,2024-04-07
477,8,290,1190.76,4,2024-03-05
478,29,193,422.08,4,2024-11-25
479,55,311,629.2,5,2024-12-06
480,3,119,454.96,2,2024-01-05
481,32,218,1395.68,4,2024-01-02
482,10,427,282.82,1,2024-01-22
483,74,458,535.62,2,2024-04-21
484,83,414,491.79,1,2024-02-26
485,34,114,1256.24,4,2024-03-06
486,97,466,1882.24,4,2024-11-25
487,87,145,557.27,7,2024-04-07
488,55,26,1132.56,9,2024-05-23
489,92,136,1026.18,9,2024-05-04
490,32,303,1744.6,5,2024-06-15
491,50,232,86.5,1,2024-03-26
492,7,369,334.63,1,2024-03-16
493,93,76,2142.12,6,2024-12-09
494,8,475,595.38,2,2024-10-20
495,65,328,626.4,8,2024-02-28
496,57,345,1019.61,9,2024-05-17
497,67,302,548.24,4,2024-04-08
498,88,452,1282.8,5,2024-07-10
499,87,289,636.88,8,2024-08-30
500,59,1,614.7,3,2024-11-14
501,72,147,1595.0,5,2024-02-18
502,54,287,415.08,3,2024-02-01
503,67,464,411.18,3,2024-10-03
504,51,142,808.11,3,2024-01-20
505,97,53,3293.92,7,2024-06-02
506,92,304,798.14,7,2024-03-08
507,8,69,2083.83,7,2024-12-31
508,34,361,2512.48,8,2024-08-01
509,35,90,756.7,5,2024-05-22
510,96,446,263.05,5,2024-08-19
511,88,220,1026.24,4,2024-07-31
512,78,450,315.14,7,2024-03-19
513,32,498,1395.68,4,2024-08-01
514,46,192,651.22,2,2024-04-25
515,16,454,527.0,4,2024-04-01
516,68,63,3907.36,8,2024-09-26
517,37,73,2078.82,9,2024-06-16
518,54,161,415.08,3,2024-02-27
519,85,169,2863.91,7,2024-10-10
520,14,89,3260.34,9,2024-01-26
521,95,176,710.36,4,2024-03-06
522,55,269,377.52,3,2024-09-04
523,48,73,897.6,5,2024-09-10
524,82,245,237.8,1,2024-02-13
525,7,77,1003.89,3,2024-04-06
526,74,159,2142.48,8,2024-02-11
527,7,489,2677.04,8,2024-08-14
528,33,459,1763.32,4,2024-09-18
529,23,324,480.62,2,2024-06-15
530,85,98,3273.04,8,2024-10-05
531,19,381,479.12,8,2024-03-29
532,19,102,239.56,4,2024-06-26
533,36,494,171.66,3,2024-07-15
534,29,132,211.04,2,2024-11-02
535,60,102,334.08,9,2024-09-23
536,82,19,237.8,1,2024-09-24
537,2,454,2980.39,7,2024-03-14
538,1,482,2289.55,5,2024-01-08
539,47,82,42.08,8,2024-10-23
540,69,397,833.84,4,2024-06-12
541,20,489,1557.29,7,2024-03-25
542,11,279,972.75,5,2024-03-12
543,2,339,2128.85,5,2024-02-24
544,67,365,1233.54,9,2024-02-16
545,87,331,716.49,9,2024-08-25
546,12,129,4374.0,9,2024-04-13
547,20,344,1334.82,6,2024-07-28
548,5,310,1131.36,6,2024-02-11
549,37,455,1154.9,5,2024-11-11
550,38,89,1018.17,9,2024-09-24
551,94,213,3245.6,8,2024-09-19
552,9,143,986.93,7,2024-12-01
553,98,65,1412.6,7,2024-12-30
554,53,76,2086.56,6,2024-09-15
555,44,199,2269.4,5,2024-10-09
556,99,143,1045.16,4,2024-04-23
557,86,405,1200.54,3,2024-12-28
558,24,403,851.46,3,2024-02-09
559,81,316,2415.3,6,2024-08-07
560,74,93,1071.24,4,2024-05-08
561,30,473,2830.26,6,2024-01-08
562,59,417,614.7,3,2024-04-10
563,87,305,318.44,4,2024-06-24
564,96,224,473.49,9,2024-04-16
565,81,497,2012.75,5,2024-04-10
566,81,291,2817.85,7,2024-09-16
567,14,428,724.52,2,2024-12-31
568,9,102,704.95,5,2024-09-02
569,40,474,3979.98,9,2024-10-01
570,66,267,1496.64,3,2024-02-01
571,25,355,3143.52,9,2024-05-16
572,73,456,2051.7,6,2024-01-12
573,22,110,1793.6,4,2024-10-28
574,4,462,365.61,7,2024-01-16
575,26,330,591.76,8,2024-05-08
576,58,450,1687.56,6,2024-03-03
577,29,430,527.6,5,2024-04-18
578,98,265,1210.8,6,2024-01-21
579,87,3,398.05,5,2024-06-06
580,37,85,1847.84,8,2024-09-25
581,75,282,226.65,1,2024-06-10
582,70,328,149.52,7,2024-09-16
583,18,304,713.56,2,2024-04-11
584,85,450,3682.17,9,2024-08-10
585,42,454,65.43,1,2024-02-28
586,100,412,2518.02,6,2024-09-03
587,41,117,1489.95,9,2024-05-07
588,38,221,113.13,1,2024-10-09
589,34,154,1256.24,4,2024-11-20
590,17,153,100.04,4,2024-01-25
591,37,12,2078.82,9,2024-05-10
592,25,133,1746.4,5,2024-12-18
593,76,482,1393.4,5,2024-07-14
594,87,304,477.66,6,2024-10-07
595,86,293,400.18,1,2024-06-02
596,85,463,409.13,1,2024-05-12
597,27,300,2737.71,9,2024-08-14
598,57,228,339.87,3,2024-07-07
599,31,271,1205.76,4,2024-09-21
600,6,43,336.08,1,2024-05-13
601,91,432,1497.15,9,2024-07-29
602,40,343,3537.76,8,2024-02-29
603,98,326,403.6,2,2024-12-29
604,12,302,3888.0,8,2024-12-29
605,53,498,2434.32,7,2024-07-31
606,71,364,1054.86,6,2024-08-03
607,10,379,282.82,1,2024-08-13
608,45,427,977.97,7,2024-05-10
609,17,493,175.07,7,2024-03-16
610,26,21,665.73,9,2024-10-12
611,85,407,409.13,1,2024-10-03
612,92,107,228.04,2,2024-06-04
613,62,336,1144.8,9,2024-09-04
614,46,303,2930.49,9,2024-08-05
615,64,117,2145.42,6,2024-07-08
616,2,124,2554.62,6,2024-06-11
617,54,399,553.44,4,2024-06-28
618,65,281,313.2,4,2024-02-03
619,51,292,1346.85,5,2024-02-10
620,53,203,1043.28,3,2024-11-02
621,36,51,57.22,1,2024-12-03
622,26,271,73.97,1,2024-11-09
623,29,324,738.64,7,2024-03-15
624,21,277,104.85,1,2024-10-05
625,11,141,194.55,1,2024-06-24
626,40,470,1326.66,3,2024-05-29
627,11,275,778.2,4,2024-09-29
628,36,290,228.88,4,2024-11-20
629,59,334,409.8,2,2024-04-17
630,39,381,211.17,1,2024-05-18
631,99,452,783.87,3,2024-12-15
632,54,496,553.44,4,2024-09-27
633,98,373,605.4,3,2024-12-12
634,55,52,1006.72,8,2024-10-15
635,24,494,283.82,1,2024-07-30
636,22,27,896.8,2,2024-09-28
637,69,157,1459.22,7,2024-03-06
638,56,239,353.2,4,2024-09-04
639,33,156,3526.64,8,2024-06-04
640,36,291,171.66,3,2024-02-16
641,20,136,1334.82,6,2024-07-19
642,83,144,4426.11,9,2024-05-27
643,99,106,261.29,1,2024-05-03
644,81,420,402.55,1,2024-01-01
645,62,158,1017.6,8,2024-09-03
646,98,146,605.4,3,2024-12-08
647,73,2,1709.75,5,2024-05-07
648,26,433,73.97,1,2024-07-09
649,66,77,2494.4,5,2024-03-07
650,73,132,2051.7,6,2024-01-04
651,73,90,2735.6,8,2024-10-29
652,40,345,1326.66,3,2024-10-20
653,17,350,75.03,3,2024-05-22
654,1,459,4121.19,9,2024-07-09
655,89,263,1397.72,4,2024-01-21
656,61,351,522.76,4,2024-08-14
657,43,108,1269.59,7,2024-11-08
658,42,74,130.86,2,2024-04-26
659,25,39,2794.24,8,2024-10-28
660,39,397,1267.02,6,2024-05-21
661,35,159,454.02,3,2024-02-08
662,3,71,2047.32,9,2024-12-20
663,44,447,2269.4,5,2024-09-08
664,51,312,2154.96,8,2024-11-28
665,94,241,2839.9,7,2024-07-25
666,98,426,1614.4,8,2024-07-28
667,12,445,3402.0,7,2024-04-24
668,19,298,179.67,3,2024-08-12
669,44,440,907.76,2,2024-05-13
670,59,36,1434.3,7,2024-09-07
671,49,84,467.61,3,2024-08-06
672,61,452,392.07,3,2024-03-31
673,17,374,50.02,2,2024-12-19
674,74,263,1071.24,4,2024-02-15
675,57,310,906.32,8,2024-02-07
676,55,385,125.84,1,2024-05-21
677,47,172,5.26,1,2024-04-09
678,12,376,2430.0,5,2024-11-23
679,62,173,636.0,5,2024-07-08
680,80,362,124.87,1,2024-02-04
681,88,47,1539.36,6,2024-05-26
682,83,379,491.79,1,2024-01-30
683,8,141,1488.45,5,2024-11-29
684,95,375,1598.31,9,2024-03-24
685,21,406,524.25,5,2024-10-07
686,81,118,2415.3,6,2024-12-09
687,87,277,636.88,8,2024-09-26
688,80,214,124.87,1,2024-06-02
689,70,220,42.72,2,2024-04-11
690,72,393,2871.0,9,2024-08-02
691,25,26,1047.84,3,2024-05-29
692,82,9,1426.8,6,2024-03-23
693,89,271,1747.15,5,2024-04-19
694,12,10,972.0,2,2024-10-01
695,15,472,852.67,7,2024-07-19
696,59,378,819.6,4,2024-10-10
697,26,121,73.97,1,2024-06-21
698,26,125,295.88,4,2024-11-22
699,47,170,31.56,6,2024-07-24
700,32,72,2442.44,7,2024-03-03
701,10,152,1979.74,7,2024-03-13
702,16,208,922.25,7,2024-09-07
703,71,49,527.43,3,2024-05-03
704,17,154,150.06,6,2024-04-30
705,23,347,1922.48,8,2024-10-01
706,26,293,295.88,4,2024-04-29
707,85,68,3273.04,8,2024-11-12
708,86,50,800.36,2,2024-06-12
709,7,152,3011.67,9,2024-10-12
710,14,19,3260.34,9,2024-09-21
711,79,100,1503.84,8,2024-11-15
712,7,60,334.63,1,2024-06-09
713,9,167,281.98,2,2024-11-03
714,48,202,1077.12,6,2024-03-29
715,72,345,1595.0,5,2024-05-21
716,59,146,1844.1,9,2024-07-21
717,87,403,398.05,5,2024-11-04
718,93,164,714.04,2,2024-08-14
719,82,458,951.2,4,2024-11-29
720,95,481,1598.31,9,2024-08-09
721,94,439,405.7,1,2024-02-10
722,39,242,211.17,1,2024-07-14
723,99,69,1829.03,7,2024-03-08
724,18,175,1070.34,3,2024-09-20
725,59,49,409.8,2,2024-01-02
726,17,483,225.09,9,2024-12-26
727,14,108,1086.78,3,2024-05-04
728,31,226,602.88,2,2024-04-19
729,24,161,2270.56,8,2024-03-26
730,99,119,1567.74,6,2024-04-29
731,60,149,222.72,6,2024-05-06
732,45,465,977.97,7,2024-09-11
733,98,150,1412.6,7,2024-07-01
734,3,432,1364.88,6,2024-01-16
735,37,293,923.92,4,2024-03-02
736,43,143,1632.33,9,2024-06-06
737,40,419,2653.32,6,2024-09-24
738,90,476,1719.56,4,2024-02-04
739,55,455,377.52,3,2024-09-23
740,87,160,318.44,4,2024-03-04
741,39,11,633.51,3,2024-02-19
742,15,138,243.62,2,2024-09-11
743,4,457,261.15,5,2024-05-28
744,93,78,714.04,2,2024-11-20
745,86,77,2401.08,6,2024-10-30
746,25,441,1047.84,3,2024-10-02
747,13,254,2551.26,6,2024-12-22
748,82,409,2140.2,9,2024-06-20
749,33,258,440.83,1,2024-07-19
750,16,320,790.5,6,2024-11-19
751,42,291,588.87,9,2024-02-04
752,66,263,1995.52,4,2024-08-03
753,55,85,251.68,2,2024-03-05
754,99,146,1045.16,4,2024-01-08
755,42,323,65.43,1,2024-10-27
756,34,42,942.18,3,2024-12-08
757,30,374,4245.39,9,2024-11-27
758,13,125,2126.05,5,2024-03-16
759,13,167,2551.26,6,2024-06-22
760,18,425,1070.34,3,2024-02-16
761,32,241,1744.6,5,2024-01-15
762,96,459,420.88,8,2024-12-26
763,99,487,1567.74,6,2024-05-26
764,39,280,844.68,4,2024-01-26
765,46,188,651.22,2,2024-11-03
766,29,302,949.68,9,2024-04-02
767,62,19,127.2,1,2024-08-19
768,93,68,357.02,1,2024-01-21
769,62,218,508.8,4,2024-11-02
770,57,102,793.03,7,2024-02-07
771,16,42,131.75,1,2024-10-02
772,56,288,794.7,9,2024-06-05
773,10,167,1131.28,4,2024-06-27
774,30,109,1415.13,3,2024-05-11
775,25,494,349.28,1,2024-11-06
776,84,36,809.68,4,2024-12-13
777,5,232,1697.04,9,2024-01-28
778,65,229,469.8,6,2024-09-16
779,94,353,2434.2,6,2024-03-16
780,49,164,155.87,1,2024-03-07
781,3,387,454.96,2,2024-12-07
782,45,73,838.26,6,2024-07-12
783,14,136,724.52,2,2024-06-10
784,30,353,1415.13,3,2024-12-12
785,68,379,1953.68,4,2024-12-26
786,18,70,1783.9,5,2024-09-13
787,62,425,1144.8,9,2024-03-12
788,37,487,923.92,4,2024-03-27
789,25,196,3143.52,9,2024-09-18
790,48,269,538.56,3,2024-08-01
791,65,49,626.4,8,2024-06-01
792,53,316,347.76,1,2024-07-28
793,79,130,1691.82,9,2024-03-01
794,73,444,3077.55,9,2024-09-24
795,15,5,243.62,2,2024-09-18
796,49,428,623.48,4,2024-08-05
797,88,27,2052.48,8,2024-10-09
798,68,160,3418.94,7,2024-05-15
799,12,149,486.0,1,2024-12-27
800,59,264,1024.5,5,2024-04-02
801,37,230,1616.86,7,2024-04-18
802,61,200,522.76,4,2024-08-28
803,43,50,181.37,1,2024-12-20
804,70,67,192.24,9,2024-05-21
805,39,300,1055.85,5,2024-10-17
806,56,381,176.6,2,2024-08-24
807,63,58,2797.36,8,2024-12-05
808,46,259,651.22,2,2024-11-07
809,88,342,769.68,3,2024-06-25
810,11,326,194.55,1,2024-05-20
811,62,130,254.4,2,2024-07-07
812,77,215,2088.66,7,2024-02-18
813,98,172,403.6,2,2024-10-28
814,25,258,2095.68,6,2024-07-08
815,71,102,527.43,3,2024-05-15
816,52,209,979.96,4,2024-02-12
817,4,291,417.84,8,2024-12-18
818,59,354,614.7,3,2024-03-30
819,72,471,1914.0,6,2024-10-21
820,20,286,222.47,1,2024-12-06
821,93,116,2499.14,7,2024-09-01
822,63,264,2797.36,8,2024-07-10
823,54,150,1106.88,8,2024-11-13
824,74,300,803.43,3,2024-04-15
825,98,442,201.8,1,2024-12-28
826,57,36,1019.61,9,2024-11-05
827,90,453,2579.34,6,2024-08-20
828,41,333,1489.95,9,2024-09-21
829,3,477,1592.36,7,2024-12-09
830,6,287,336.08,1,2024-02-06
831,5,303,188.56,1,2024-10-31
832,5,311,1131.36,6,2024-02-10
833,54,208,691.8,5,2024-01-17
834,47,106,47.34,9,2024-12-09
835,87,446,159.22,2,2024-10-03
836,49,158,1246.96,8,2024-11-02
837,9,121,704.95,5,2024-02-28
838,99,55,522.58,2,2024-07-01
839,20,400,1334.82,6,2024-02-10
840,61,12,1045.52,8,2024-02-08
841,35,145,605.36,4,2024-07-10
842,50,400,173.0,2,2024-09-23
843,82,396,1189.0,5,2024-05-26
844,62,136,254.4,2,2024-11-28
845,17,468,50.02,2,2024-05-06
846,88,3,1539.36,6,2024-02-15
847,3,144,2047.32,9,2024-02-14
848,32,30,1395.68,4,2024-01-01
849,99,237,1567.74,6,2024-06-16
850,13,279,2976.47,7,2024-04-17
851,89,348,2096.58,6,2024-01-19
852,73,115,2735.6,8,2024-11-27
853,68,104,1953.68,4,2024-03-12
854,14,118,362.26,1,2024-04-18
855,98,5,1412.6,7,2024-09-24
856,11,468,583.65,3,2024-08-27
857,56,360,529.8,6,2024-10-27
858,67,248,274.12,2,2024-03-30
859,92,364,1026.18,9,2024-04-12
860,29,321,105.52,1,2024-09-06
861,9,121,845.94,6,2024-01-08
862,67,286,822.36,6,2024-06-01
863,25,149,1746.4,5,2024-12-12
864,98,84,1009.0,5,2024-06-22
865,76,454,278.68,1,2024-12-08
866,42,406,327.15,5,2024-06-06
867,9,466,281.98,2,2024-08-02
868,79,456,1315.86,7,2024-06-25
869,40,231,1326.66,3,2024-06-23
870,25,288,1397.12,4,2024-12-05
871,5,161,565.68,3,2024-12-03
872,11,272,583.65,3,2024-05-25
873,59,460,819.6,4,2024-11-19
874,98,38,1009.0,5,2024-06-09
875,88,500,256.56,1,2024-05-06
876,79,226,751.92,4,2024-03-22
877,38,142,905.04,8,2024-05-26
878,72,292,2233.0,7,2024-08-26
879,5,481,1697.04,9,2024-03-24
880,48,151,897.6,5,2024-04-22
881,90,114,1719.56,4,2024-08-12
882,18,237,2854.24,8,2024-11-27
883,70,66,192.24,9,2024-08-30
884,37,361,1616.86,7,2024-05-22
885,60,341,259.84,7,2024-02-10
886,48,258,897.6,5,2024-09-14
887,77,475,1193.52,4,2024-10-11
888,28,249,272.22,1,2024-04-14
889,69,457,1459.22,7,2024-07-20
890,77,449,298.38,1,2024-11-02
891,81,331,402.55,1,2024-11-26
892,40,323,2211.1,5,2024-09-22
893,45,180,1257.39,9,2024-07-28
894,96,190,315.66,6,2024-02-20
895,62,407,381.6,3,2024-04-27
896,93,154,1071.06,3,2024-07-19
897,58,196,1968.82,7,2024-02-08
898,67,466,822.36,6,2024-01-28
899,56,311,794.7,9,2024-09-15
900,40,262,2653.32,6,2024-03-24
901,98,419,1009.0,5,2024-06-03
902,40,406,3095.54,7,2024-04-26
903,91,427,166.35,1,2024-01-02
904,77,143,2088.66,7,2024-04-02
905,33,342,1322.49,3,2024-06-14
906,6,316,3024.72,9,2024-12-15
907,88,101,1539.36,6,2024-10-22
908,19,244,539.01,9,2024-09-14
909,80,490,624.35,5,2024-03-21
910,40,12,3095.54,7,2024-09-24
911,92,239,456.08,4,2024-08-22
912,97,49,3293.92,7,2024-11-16
913,59,42,204.9,1,2024-11-06
914,59,166,1434.3,7,2024-10-27
915,48,82,1436.16,8,2024-12-22
916,41,429,827.75,5,2024-07-31
917,13,291,850.42,2,2024-03-02
918,45,158,698.55,5,2024-02-18
919,89,216,2096.58,6,2024-05-06
920,53,490,695.52,2,2024-08-10
921,42,158,392.58,6,2024-10-05
922,100,462,2518.02,6,2024-10-20
923,63,134,349.67,1,2024-10-10
924,27,67,304.19,1,2024-10-03
925,38,336,339.39,3,2024-04-16
926,60,7,111.36,3,2024-05-25
927,7,436,1338.52,4,2024-04-08
928,5,14,377.12,2,2024-03-13
929,45,73,1257.39,9,2024-05-01
930,58,399,1968.82,7,2024-01-30
931,31,405,2110.08,7,2024-07-06
932,23,163,1441.86,6,2024-12-29
933,42,66,196.29,3,2024-12-19
934,10,347,1696.92,6,2024-10-14
935,32,130,2791.36,8,2024-07-13
936,53,419,2782.08,8,2024-06-04
937,30,466,4245.39,9,2024-06-20
938,39,206,211.17,1,2024-11-30
939,31,276,301.44,1,2024-02-10
940,82,466,713.4,3,2024-03-03
941,100,256,1259.01,3,2024-01-23
942,2,266,3406.16,8,2024-12-25
943,78,25,45.02,1,2024-03-15
944,77,450,596.76,2,2024-02-17
945,93,281,714.04,2,2024-06-08
946,12,253,1458.0,3,2024-11-08
947,39,310,1267.02,6,2024-04-27
948,66,289,498.88,1,2024-04-09
949,96,164,105.22,2,2024-06-15
950,13,95,425.21,1,2024-10-16
951,46,270,1628.05,5,2024-06-04
952,27,321,2129.33,7,2024-01-07
953,17,110,200.08,8,2024-07-14
954,95,336,177.59,1,2024-02-25
955,98,310,1412.6,7,2024-11-16
956,60,238,185.6,5,2024-07-11
957,64,381,357.57,1,2024-02-16
958,88,436,769.68,3,2024-05-27
959,35,387,1059.38,7,2024-10-01
960,70,483,21.36,1,2024-06-05
961,83,425,3442.53,7,2024-07-20
962,30,390,2358.55,5,2024-05-05
963,71,25,175.81,1,2024-10-31
964,74,141,267.81,1,2024-10-20
965,96,117,52.61,1,2024-03-04
966,98,482,1816.2,9,2024-11-20
967,63,392,1049.01,3,2024-06-24
968,28,405,1361.1,5,2024-04-25
969,60,482,334.08,9,2024-07-22
970,79,452,1127.88,6,2024-11-16
971,94,25,3651.3,9,2024-01-31
972,37,79,1847.84,8,2024-04-22
973,93,68,2856.16,8,2024-12-30
974,22,173,448.4,1,2024-11-20
975,68,444,4395.78,9,2024-12-09
976,20,12,1334.82,6,2024-03-07
977,96,288,473.49,9,2024-03-15
978,100,128,1259.01,3,2024-02-14
979,68,96,1465.26,3,2024-09-16
980,91,92,998.1,6,2024-06-02
981,64,141,3218.13,9,2024-06-03
982,17,31,175.07,7,2024-12-28
983,12,334,1458.0,3,2024-08-21
984,22,20,1345.2,3,2024-02-20
985,17,146,50.02,2,2024-11-01
986,10,477,2545.38,9,2024-09-18
987,65,316,234.9,3,2024-11-10
988,22,447,2242.0,5,2024-05-04
989,90,390,3869.01,9,2024-09-01
990,82,160,1902.4,8,2024-01-30
991,50,349,173.0,2,2024-05-01
992,14,43,1086.78,3,2024-05-04
993,64,254,715.14,2,2024-02-06
994,47,130,42.08,8,2024-06-18
995,29,60,633.12,6,2024-05-03
996,76,151,1672.08,6,2024-12-22
997,36,467,514.98,9,2024-02-04
998,99,287,2090.32,8,2024-03-27
999,52,499,979.96,4,2024-05-13
1000,76,5,1114.72,4,2024-07-14
